<?xml version="1.0" encoding="UTF-8"?>
<!DOCTYPE suite SYSTEM "http://testng.org/testng-1.0.dtd">
<suite name="Suite" parallel="tests">
	<test thread-count="5" name="Chrome Test">
		<parameter name="browser" value="chrome" />
		<classes>

			<class name="grid.TestParallel" />

		</classes>
	</test> <!-- Test -->


	<test thread-count="5" name="Firefox Test">
		<parameter name="browser" value="firefox" />
		<classes>

			<class name="grid.TestParallel" />

		</classes>
	</test> <!-- Test -->
</suite> <!-- Suite -->
