<?xml version="1.0" encoding="UTF-8" ?>
<!DOCTYPE log4j:configuration SYSTEM "log4j.dtd">

<log4j:configuration xmlns:log4j="http://jakarta.apache.org/log4j/">
   
    <!-- Console Appender -->
    
    <appender name="console" class="org.apache.log4j.ConsoleAppender">
        <param name="Target" value="System.out"/>
        <layout class="org.apache.log4j.PatternLayout">
            <param name="ConversionPattern" value="%d{dd/MM/yyyy HH:mm:ss} %-5p %c{1} - %m%n"/>
        </layout>
    </appender>
    
    
     <!-- File Appender -->
    
     <appender name="fileAppender" class="org.apache.log4j.FileAppender">
        <param name="File" value="C:/selenium/CoreJavaTut/Log4JProj/src/Log4j.log" />
        <param name="Append" value="false" />
        <layout class="org.apache.log4j.PatternLayout">
          <param name="ConversionPattern" value="%d{dd/MM/yyyy HH:mm:ss} %-5p %c{2} - %m%n"/>
        </layout>
    </appender>
    
     <!-- HTML Appender -->
    
   <appender name="htmlAppender" class="org.apache.log4j.DailyRollingFileAppender">
            <param name="File" value="C:/selenium/CoreJavaTut/Log4JProj/log.html"/>
    	<param name="DatePattern" value="'.'yyyy-MM-dd-HH'.html'"/>
    	<layout class="org.apache.log4j.HTMLLayout"/>
          <!--/layout-->
        </appender>               
    
       <!-- Email Appender -->
    
    <appender name="ERROR_MAIL" class="SecureSMTPAppender">
   <param name="SMTPUsername" value="java@way2automation.com" />
    <param name="SMTPPassword" value="8923567928475" />
    <param name="To" value="trainer@way2automation.com,seleniumcoaching@gmail.com"/>
    <param name="From" value="java@way2automation.com"/>
    <param name="Subject" value="Log4j Error in Project"/>
    <param name="SMTPHost" value="smtp.gmail.com"/>
    
    <param name="BufferSize" value="10"/>
      <layout class="org.apache.log4j.PatternLayout">
          <param name="ConversionPattern" value="%d{dd/MM/yyyy HH:mm:ss} %-5p %c{2} - %m%n"/>
        </layout>
    <filter class="org.apache.log4j.varia.LevelRangeFilter">
      <param name="LevelMin" value="ERROR"/>
      <param name="LevelMax" value="FATAL"/>
    </filter>
  </appender>   
    
    
    
     
    <!-- ROOT Configuration -->
     
    <root>
       <!--  <priority value ="error" />  -->
        <appender-ref ref="console" />
        <appender-ref ref="fileAppender" />
       <appender-ref ref="htmlAppender" />
    </root>
    
</log4j:configuration>