<?xml version="1.0" encoding="UTF-8"?>
<!DOCTYPE suite SYSTEM "http://testng.org/testng-1.0.dtd">
<suite name="Learning Test">

	<listeners>
    <listener class-name="testnglearning.CustomListeners" />
    <listener class-name="extentlisteners.ExtentListeners" />
   <listener class-name="org.uncommons.reportng.HTMLReporter" />
  </listeners>



	<test name="Login Test">
	
	
	<groups>
		<run>
			<exclude name="high" />
		</run>
	</groups>
	
		<classes>
			<class name="testnglearning.TestCase1" />

		</classes>
	</test> <!-- Test -->

	<test name="Validate Title test">
		<classes>

			<class name="testnglearning.TestCase2" />

		</classes>
	</test> <!-- Test -->


	<test name="Dependency test">
		<classes>

			<class name="testnglearning.TestCase3" />
		</classes>
	</test> <!-- Test -->
</suite> <!-- Suite -->
